sample,fastq_1,fastq_2,strandedness
A10_S73,/oak/stanford/groups/bhowitt/DNAnexus/Fastqs/200803_A00646_0057_BHTHTNDMXX/A10_S73_R1_001.fastq.gz,/oak/stanford/groups/bhowitt/DNAnexus/Fastqs/200803_A00646_0057_BHTHTNDMXX/A10_S73_R2_001.fastq.gz,reverse
A11_S81,/oak/stanford/groups/bhowitt/DNAnexus/Fastqs/200803_A00646_0057_BHTHTNDMXX/A11_S81_R1_001.fastq.gz,/oak/stanford/groups/bhowitt/DNAnexus/Fastqs/200803_A00646_0057_BHTHTNDMXX/A11_S81_R2_001.fastq.gz,reverse
A12_S89,/oak/stanford/groups/bhowitt/DNAnexus/Fastqs/200803_A00646_0057_BHTHTNDMXX/A12_S89_R1_001.fastq.gz,/oak/stanford/groups/bhowitt/DNAnexus/Fastqs/200803_A00646_0057_BHTHTNDMXX/A12_S89_R2_001.fastq.gz,reverse
A13_S2,/oak/stanford/groups/bhowitt/DNAnexus/Fastqs/200803_A00646_0057_BHTHTNDMXX/A13_S2_R1_001.fastq.gz,/oak/stanford/groups/bhowitt/DNAnexus/Fastqs/200803_A00646_0057_BHTHTNDMXX/A13_S2_R2_001.fastq.gz,reverse
A14_S10,/oak/stanford/groups/bhowitt/DNAnexus/Fastqs/200803_A00646_0057_BHTHTNDMXX/A14_S10_R1_001.fastq.gz,/oak/stanford/groups/bhowitt/DNAnexus/Fastqs/200803_A00646_0057_BHTHTNDMXX/A14_S10_R2_001.fastq.gz,reverse
A15_S18,/oak/stanford/groups/bhowitt/DNAnexus/Fastqs/200803_A00646_0057_BHTHTNDMXX/A15_S18_R1_001.fastq.gz,/oak/stanford/groups/bhowitt/DNAnexus/Fastqs/200803_A00646_0057_BHTHTNDMXX/A15_S18_R2_001.fastq.gz,reverse
A16_S26,/oak/stanford/groups/bhowitt/DNAnexus/Fastqs/200803_A00646_0057_BHTHTNDMXX/A16_S26_R1_001.fastq.gz,/oak/stanford/groups/bhowitt/DNAnexus/Fastqs/200803_A00646_0057_BHTHTNDMXX/A16_S26_R2_001.fastq.gz,reverse
A17_S34,/oak/stanford/groups/bhowitt/DNAnexus/Fastqs/200803_A00646_0057_BHTHTNDMXX/A17_S34_R1_001.fastq.gz,/oak/stanford/groups/bhowitt/DNAnexus/Fastqs/200803_A00646_0057_BHTHTNDMXX/A17_S34_R2_001.fastq.gz,reverse
A18_S42,/oak/stanford/groups/bhowitt/DNAnexus/Fastqs/200803_A00646_0057_BHTHTNDMXX/A18_S42_R1_001.fastq.gz,/oak/stanford/groups/bhowitt/DNAnexus/Fastqs/200803_A00646_0057_BHTHTNDMXX/A18_S42_R2_001.fastq.gz,reverse
A19_S50,/oak/stanford/groups/bhowitt/DNAnexus/Fastqs/200803_A00646_0057_BHTHTNDMXX/A19_S50_R1_001.fastq.gz,/oak/stanford/groups/bhowitt/DNAnexus/Fastqs/200803_A00646_0057_BHTHTNDMXX/A19_S50_R2_001.fastq.gz,reverse
A1_S1,/oak/stanford/groups/bhowitt/DNAnexus/Fastqs/200803_A00646_0057_BHTHTNDMXX/A1_S1_R1_001.fastq.gz,/oak/stanford/groups/bhowitt/DNAnexus/Fastqs/200803_A00646_0057_BHTHTNDMXX/A1_S1_R2_001.fastq.gz,reverse
A20_S58,/oak/stanford/groups/bhowitt/DNAnexus/Fastqs/200803_A00646_0057_BHTHTNDMXX/A20_S58_R1_001.fastq.gz,/oak/stanford/groups/bhowitt/DNAnexus/Fastqs/200803_A00646_0057_BHTHTNDMXX/A20_S58_R2_001.fastq.gz,reverse
A21_S66,/oak/stanford/groups/bhowitt/DNAnexus/Fastqs/200803_A00646_0057_BHTHTNDMXX/A21_S66_R1_001.fastq.gz,/oak/stanford/groups/bhowitt/DNAnexus/Fastqs/200803_A00646_0057_BHTHTNDMXX/A21_S66_R2_001.fastq.gz,reverse
A22_S74,/oak/stanford/groups/bhowitt/DNAnexus/Fastqs/200803_A00646_0057_BHTHTNDMXX/A22_S74_R1_001.fastq.gz,/oak/stanford/groups/bhowitt/DNAnexus/Fastqs/200803_A00646_0057_BHTHTNDMXX/A22_S74_R2_001.fastq.gz,reverse
A23_S82,/oak/stanford/groups/bhowitt/DNAnexus/Fastqs/200803_A00646_0057_BHTHTNDMXX/A23_S82_R1_001.fastq.gz,/oak/stanford/groups/bhowitt/DNAnexus/Fastqs/200803_A00646_0057_BHTHTNDMXX/A23_S82_R2_001.fastq.gz,reverse
A24_S90,/oak/stanford/groups/bhowitt/DNAnexus/Fastqs/200803_A00646_0057_BHTHTNDMXX/A24_S90_R1_001.fastq.gz,/oak/stanford/groups/bhowitt/DNAnexus/Fastqs/200803_A00646_0057_BHTHTNDMXX/A24_S90_R2_001.fastq.gz,reverse
A25_S3,/oak/stanford/groups/bhowitt/DNAnexus/Fastqs/200803_A00646_0057_BHTHTNDMXX/A25_S3_R1_001.fastq.gz,/oak/stanford/groups/bhowitt/DNAnexus/Fastqs/200803_A00646_0057_BHTHTNDMXX/A25_S3_R2_001.fastq.gz,reverse
A26_S11,/oak/stanford/groups/bhowitt/DNAnexus/Fastqs/200803_A00646_0057_BHTHTNDMXX/A26_S11_R1_001.fastq.gz,/oak/stanford/groups/bhowitt/DNAnexus/Fastqs/200803_A00646_0057_BHTHTNDMXX/A26_S11_R2_001.fastq.gz,reverse
A27_S19,/oak/stanford/groups/bhowitt/DNAnexus/Fastqs/200803_A00646_0057_BHTHTNDMXX/A27_S19_R1_001.fastq.gz,/oak/stanford/groups/bhowitt/DNAnexus/Fastqs/200803_A00646_0057_BHTHTNDMXX/A27_S19_R2_001.fastq.gz,reverse
A28_S27,/oak/stanford/groups/bhowitt/DNAnexus/Fastqs/200803_A00646_0057_BHTHTNDMXX/A28_S27_R1_001.fastq.gz,/oak/stanford/groups/bhowitt/DNAnexus/Fastqs/200803_A00646_0057_BHTHTNDMXX/A28_S27_R2_001.fastq.gz,reverse
A29_S35,/oak/stanford/groups/bhowitt/DNAnexus/Fastqs/200803_A00646_0057_BHTHTNDMXX/A29_S35_R1_001.fastq.gz,/oak/stanford/groups/bhowitt/DNAnexus/Fastqs/200803_A00646_0057_BHTHTNDMXX/A29_S35_R2_001.fastq.gz,reverse
A2_S9,/oak/stanford/groups/bhowitt/DNAnexus/Fastqs/200803_A00646_0057_BHTHTNDMXX/A2_S9_R1_001.fastq.gz,/oak/stanford/groups/bhowitt/DNAnexus/Fastqs/200803_A00646_0057_BHTHTNDMXX/A2_S9_R2_001.fastq.gz,reverse
A30_S43,/oak/stanford/groups/bhowitt/DNAnexus/Fastqs/200803_A00646_0057_BHTHTNDMXX/A30_S43_R1_001.fastq.gz,/oak/stanford/groups/bhowitt/DNAnexus/Fastqs/200803_A00646_0057_BHTHTNDMXX/A30_S43_R2_001.fastq.gz,reverse
A31_S51,/oak/stanford/groups/bhowitt/DNAnexus/Fastqs/200803_A00646_0057_BHTHTNDMXX/A31_S51_R1_001.fastq.gz,/oak/stanford/groups/bhowitt/DNAnexus/Fastqs/200803_A00646_0057_BHTHTNDMXX/A31_S51_R2_001.fastq.gz,reverse
A32_S59,/oak/stanford/groups/bhowitt/DNAnexus/Fastqs/200803_A00646_0057_BHTHTNDMXX/A32_S59_R1_001.fastq.gz,/oak/stanford/groups/bhowitt/DNAnexus/Fastqs/200803_A00646_0057_BHTHTNDMXX/A32_S59_R2_001.fastq.gz,reverse
A33_S67,/oak/stanford/groups/bhowitt/DNAnexus/Fastqs/200803_A00646_0057_BHTHTNDMXX/A33_S67_R1_001.fastq.gz,/oak/stanford/groups/bhowitt/DNAnexus/Fastqs/200803_A00646_0057_BHTHTNDMXX/A33_S67_R2_001.fastq.gz,reverse
A34_S75,/oak/stanford/groups/bhowitt/DNAnexus/Fastqs/200803_A00646_0057_BHTHTNDMXX/A34_S75_R1_001.fastq.gz,/oak/stanford/groups/bhowitt/DNAnexus/Fastqs/200803_A00646_0057_BHTHTNDMXX/A34_S75_R2_001.fastq.gz,reverse
A35_S83,/oak/stanford/groups/bhowitt/DNAnexus/Fastqs/200803_A00646_0057_BHTHTNDMXX/A35_S83_R1_001.fastq.gz,/oak/stanford/groups/bhowitt/DNAnexus/Fastqs/200803_A00646_0057_BHTHTNDMXX/A35_S83_R2_001.fastq.gz,reverse
A36_S91,/oak/stanford/groups/bhowitt/DNAnexus/Fastqs/200803_A00646_0057_BHTHTNDMXX/A36_S91_R1_001.fastq.gz,/oak/stanford/groups/bhowitt/DNAnexus/Fastqs/200803_A00646_0057_BHTHTNDMXX/A36_S91_R2_001.fastq.gz,reverse
A37_S4,/oak/stanford/groups/bhowitt/DNAnexus/Fastqs/200803_A00646_0057_BHTHTNDMXX/A37_S4_R1_001.fastq.gz,/oak/stanford/groups/bhowitt/DNAnexus/Fastqs/200803_A00646_0057_BHTHTNDMXX/A37_S4_R2_001.fastq.gz,reverse
A38_S12,/oak/stanford/groups/bhowitt/DNAnexus/Fastqs/200803_A00646_0057_BHTHTNDMXX/A38_S12_R1_001.fastq.gz,/oak/stanford/groups/bhowitt/DNAnexus/Fastqs/200803_A00646_0057_BHTHTNDMXX/A38_S12_R2_001.fastq.gz,reverse
A39_S20,/oak/stanford/groups/bhowitt/DNAnexus/Fastqs/200803_A00646_0057_BHTHTNDMXX/A39_S20_R1_001.fastq.gz,/oak/stanford/groups/bhowitt/DNAnexus/Fastqs/200803_A00646_0057_BHTHTNDMXX/A39_S20_R2_001.fastq.gz,reverse
A3_S17,/oak/stanford/groups/bhowitt/DNAnexus/Fastqs/200803_A00646_0057_BHTHTNDMXX/A3_S17_R1_001.fastq.gz,/oak/stanford/groups/bhowitt/DNAnexus/Fastqs/200803_A00646_0057_BHTHTNDMXX/A3_S17_R2_001.fastq.gz,reverse
A40_S28,/oak/stanford/groups/bhowitt/DNAnexus/Fastqs/200803_A00646_0057_BHTHTNDMXX/A40_S28_R1_001.fastq.gz,/oak/stanford/groups/bhowitt/DNAnexus/Fastqs/200803_A00646_0057_BHTHTNDMXX/A40_S28_R2_001.fastq.gz,reverse
A41_S36,/oak/stanford/groups/bhowitt/DNAnexus/Fastqs/200803_A00646_0057_BHTHTNDMXX/A41_S36_R1_001.fastq.gz,/oak/stanford/groups/bhowitt/DNAnexus/Fastqs/200803_A00646_0057_BHTHTNDMXX/A41_S36_R2_001.fastq.gz,reverse
A42_S44,/oak/stanford/groups/bhowitt/DNAnexus/Fastqs/200803_A00646_0057_BHTHTNDMXX/A42_S44_R1_001.fastq.gz,/oak/stanford/groups/bhowitt/DNAnexus/Fastqs/200803_A00646_0057_BHTHTNDMXX/A42_S44_R2_001.fastq.gz,reverse
A43_S52,/oak/stanford/groups/bhowitt/DNAnexus/Fastqs/200803_A00646_0057_BHTHTNDMXX/A43_S52_R1_001.fastq.gz,/oak/stanford/groups/bhowitt/DNAnexus/Fastqs/200803_A00646_0057_BHTHTNDMXX/A43_S52_R2_001.fastq.gz,reverse
A44_S60,/oak/stanford/groups/bhowitt/DNAnexus/Fastqs/200803_A00646_0057_BHTHTNDMXX/A44_S60_R1_001.fastq.gz,/oak/stanford/groups/bhowitt/DNAnexus/Fastqs/200803_A00646_0057_BHTHTNDMXX/A44_S60_R2_001.fastq.gz,reverse
A45_S68,/oak/stanford/groups/bhowitt/DNAnexus/Fastqs/200803_A00646_0057_BHTHTNDMXX/A45_S68_R1_001.fastq.gz,/oak/stanford/groups/bhowitt/DNAnexus/Fastqs/200803_A00646_0057_BHTHTNDMXX/A45_S68_R2_001.fastq.gz,reverse
A46_S76,/oak/stanford/groups/bhowitt/DNAnexus/Fastqs/200803_A00646_0057_BHTHTNDMXX/A46_S76_R1_001.fastq.gz,/oak/stanford/groups/bhowitt/DNAnexus/Fastqs/200803_A00646_0057_BHTHTNDMXX/A46_S76_R2_001.fastq.gz,reverse
A47_S84,/oak/stanford/groups/bhowitt/DNAnexus/Fastqs/200803_A00646_0057_BHTHTNDMXX/A47_S84_R1_001.fastq.gz,/oak/stanford/groups/bhowitt/DNAnexus/Fastqs/200803_A00646_0057_BHTHTNDMXX/A47_S84_R2_001.fastq.gz,reverse
A48_S92,/oak/stanford/groups/bhowitt/DNAnexus/Fastqs/200803_A00646_0057_BHTHTNDMXX/A48_S92_R1_001.fastq.gz,/oak/stanford/groups/bhowitt/DNAnexus/Fastqs/200803_A00646_0057_BHTHTNDMXX/A48_S92_R2_001.fastq.gz,reverse
A49_S5,/oak/stanford/groups/bhowitt/DNAnexus/Fastqs/200803_A00646_0057_BHTHTNDMXX/A49_S5_R1_001.fastq.gz,/oak/stanford/groups/bhowitt/DNAnexus/Fastqs/200803_A00646_0057_BHTHTNDMXX/A49_S5_R2_001.fastq.gz,reverse
A4_S25,/oak/stanford/groups/bhowitt/DNAnexus/Fastqs/200803_A00646_0057_BHTHTNDMXX/A4_S25_R1_001.fastq.gz,/oak/stanford/groups/bhowitt/DNAnexus/Fastqs/200803_A00646_0057_BHTHTNDMXX/A4_S25_R2_001.fastq.gz,reverse
A50_S13,/oak/stanford/groups/bhowitt/DNAnexus/Fastqs/200803_A00646_0057_BHTHTNDMXX/A50_S13_R1_001.fastq.gz,/oak/stanford/groups/bhowitt/DNAnexus/Fastqs/200803_A00646_0057_BHTHTNDMXX/A50_S13_R2_001.fastq.gz,reverse
A51_S21,/oak/stanford/groups/bhowitt/DNAnexus/Fastqs/200803_A00646_0057_BHTHTNDMXX/A51_S21_R1_001.fastq.gz,/oak/stanford/groups/bhowitt/DNAnexus/Fastqs/200803_A00646_0057_BHTHTNDMXX/A51_S21_R2_001.fastq.gz,reverse
A52_S29,/oak/stanford/groups/bhowitt/DNAnexus/Fastqs/200803_A00646_0057_BHTHTNDMXX/A52_S29_R1_001.fastq.gz,/oak/stanford/groups/bhowitt/DNAnexus/Fastqs/200803_A00646_0057_BHTHTNDMXX/A52_S29_R2_001.fastq.gz,reverse
A53_S37,/oak/stanford/groups/bhowitt/DNAnexus/Fastqs/200803_A00646_0057_BHTHTNDMXX/A53_S37_R1_001.fastq.gz,/oak/stanford/groups/bhowitt/DNAnexus/Fastqs/200803_A00646_0057_BHTHTNDMXX/A53_S37_R2_001.fastq.gz,reverse
A54_S45,/oak/stanford/groups/bhowitt/DNAnexus/Fastqs/200803_A00646_0057_BHTHTNDMXX/A54_S45_R1_001.fastq.gz,/oak/stanford/groups/bhowitt/DNAnexus/Fastqs/200803_A00646_0057_BHTHTNDMXX/A54_S45_R2_001.fastq.gz,reverse
A55_S53,/oak/stanford/groups/bhowitt/DNAnexus/Fastqs/200803_A00646_0057_BHTHTNDMXX/A55_S53_R1_001.fastq.gz,/oak/stanford/groups/bhowitt/DNAnexus/Fastqs/200803_A00646_0057_BHTHTNDMXX/A55_S53_R2_001.fastq.gz,reverse
A56_S61,/oak/stanford/groups/bhowitt/DNAnexus/Fastqs/200803_A00646_0057_BHTHTNDMXX/A56_S61_R1_001.fastq.gz,/oak/stanford/groups/bhowitt/DNAnexus/Fastqs/200803_A00646_0057_BHTHTNDMXX/A56_S61_R2_001.fastq.gz,reverse
A57_S69,/oak/stanford/groups/bhowitt/DNAnexus/Fastqs/200803_A00646_0057_BHTHTNDMXX/A57_S69_R1_001.fastq.gz,/oak/stanford/groups/bhowitt/DNAnexus/Fastqs/200803_A00646_0057_BHTHTNDMXX/A57_S69_R2_001.fastq.gz,reverse
A58_S77,/oak/stanford/groups/bhowitt/DNAnexus/Fastqs/200803_A00646_0057_BHTHTNDMXX/A58_S77_R1_001.fastq.gz,/oak/stanford/groups/bhowitt/DNAnexus/Fastqs/200803_A00646_0057_BHTHTNDMXX/A58_S77_R2_001.fastq.gz,reverse
A59_S85,/oak/stanford/groups/bhowitt/DNAnexus/Fastqs/200803_A00646_0057_BHTHTNDMXX/A59_S85_R1_001.fastq.gz,/oak/stanford/groups/bhowitt/DNAnexus/Fastqs/200803_A00646_0057_BHTHTNDMXX/A59_S85_R2_001.fastq.gz,reverse
A5_S33,/oak/stanford/groups/bhowitt/DNAnexus/Fastqs/200803_A00646_0057_BHTHTNDMXX/A5_S33_R1_001.fastq.gz,/oak/stanford/groups/bhowitt/DNAnexus/Fastqs/200803_A00646_0057_BHTHTNDMXX/A5_S33_R2_001.fastq.gz,reverse
A60_S93,/oak/stanford/groups/bhowitt/DNAnexus/Fastqs/200803_A00646_0057_BHTHTNDMXX/A60_S93_R1_001.fastq.gz,/oak/stanford/groups/bhowitt/DNAnexus/Fastqs/200803_A00646_0057_BHTHTNDMXX/A60_S93_R2_001.fastq.gz,reverse
A61_S6,/oak/stanford/groups/bhowitt/DNAnexus/Fastqs/200803_A00646_0057_BHTHTNDMXX/A61_S6_R1_001.fastq.gz,/oak/stanford/groups/bhowitt/DNAnexus/Fastqs/200803_A00646_0057_BHTHTNDMXX/A61_S6_R2_001.fastq.gz,reverse
A62_S14,/oak/stanford/groups/bhowitt/DNAnexus/Fastqs/200803_A00646_0057_BHTHTNDMXX/A62_S14_R1_001.fastq.gz,/oak/stanford/groups/bhowitt/DNAnexus/Fastqs/200803_A00646_0057_BHTHTNDMXX/A62_S14_R2_001.fastq.gz,reverse
A63_S22,/oak/stanford/groups/bhowitt/DNAnexus/Fastqs/200803_A00646_0057_BHTHTNDMXX/A63_S22_R1_001.fastq.gz,/oak/stanford/groups/bhowitt/DNAnexus/Fastqs/200803_A00646_0057_BHTHTNDMXX/A63_S22_R2_001.fastq.gz,reverse
A64_S30,/oak/stanford/groups/bhowitt/DNAnexus/Fastqs/200803_A00646_0057_BHTHTNDMXX/A64_S30_R1_001.fastq.gz,/oak/stanford/groups/bhowitt/DNAnexus/Fastqs/200803_A00646_0057_BHTHTNDMXX/A64_S30_R2_001.fastq.gz,reverse
A65_S38,/oak/stanford/groups/bhowitt/DNAnexus/Fastqs/200803_A00646_0057_BHTHTNDMXX/A65_S38_R1_001.fastq.gz,/oak/stanford/groups/bhowitt/DNAnexus/Fastqs/200803_A00646_0057_BHTHTNDMXX/A65_S38_R2_001.fastq.gz,reverse
A66_S46,/oak/stanford/groups/bhowitt/DNAnexus/Fastqs/200803_A00646_0057_BHTHTNDMXX/A66_S46_R1_001.fastq.gz,/oak/stanford/groups/bhowitt/DNAnexus/Fastqs/200803_A00646_0057_BHTHTNDMXX/A66_S46_R2_001.fastq.gz,reverse
A67_S54,/oak/stanford/groups/bhowitt/DNAnexus/Fastqs/200803_A00646_0057_BHTHTNDMXX/A67_S54_R1_001.fastq.gz,/oak/stanford/groups/bhowitt/DNAnexus/Fastqs/200803_A00646_0057_BHTHTNDMXX/A67_S54_R2_001.fastq.gz,reverse
A68_S62,/oak/stanford/groups/bhowitt/DNAnexus/Fastqs/200803_A00646_0057_BHTHTNDMXX/A68_S62_R1_001.fastq.gz,/oak/stanford/groups/bhowitt/DNAnexus/Fastqs/200803_A00646_0057_BHTHTNDMXX/A68_S62_R2_001.fastq.gz,reverse
A69_S70,/oak/stanford/groups/bhowitt/DNAnexus/Fastqs/200803_A00646_0057_BHTHTNDMXX/A69_S70_R1_001.fastq.gz,/oak/stanford/groups/bhowitt/DNAnexus/Fastqs/200803_A00646_0057_BHTHTNDMXX/A69_S70_R2_001.fastq.gz,reverse
A6_S41,/oak/stanford/groups/bhowitt/DNAnexus/Fastqs/200803_A00646_0057_BHTHTNDMXX/A6_S41_R1_001.fastq.gz,/oak/stanford/groups/bhowitt/DNAnexus/Fastqs/200803_A00646_0057_BHTHTNDMXX/A6_S41_R2_001.fastq.gz,reverse
A70_S78,/oak/stanford/groups/bhowitt/DNAnexus/Fastqs/200803_A00646_0057_BHTHTNDMXX/A70_S78_R1_001.fastq.gz,/oak/stanford/groups/bhowitt/DNAnexus/Fastqs/200803_A00646_0057_BHTHTNDMXX/A70_S78_R2_001.fastq.gz,reverse
A71_S86,/oak/stanford/groups/bhowitt/DNAnexus/Fastqs/200803_A00646_0057_BHTHTNDMXX/A71_S86_R1_001.fastq.gz,/oak/stanford/groups/bhowitt/DNAnexus/Fastqs/200803_A00646_0057_BHTHTNDMXX/A71_S86_R2_001.fastq.gz,reverse
A72_S94,/oak/stanford/groups/bhowitt/DNAnexus/Fastqs/200803_A00646_0057_BHTHTNDMXX/A72_S94_R1_001.fastq.gz,/oak/stanford/groups/bhowitt/DNAnexus/Fastqs/200803_A00646_0057_BHTHTNDMXX/A72_S94_R2_001.fastq.gz,reverse
A73_S7,/oak/stanford/groups/bhowitt/DNAnexus/Fastqs/200803_A00646_0057_BHTHTNDMXX/A73_S7_R1_001.fastq.gz,/oak/stanford/groups/bhowitt/DNAnexus/Fastqs/200803_A00646_0057_BHTHTNDMXX/A73_S7_R2_001.fastq.gz,reverse
A74_S15,/oak/stanford/groups/bhowitt/DNAnexus/Fastqs/200803_A00646_0057_BHTHTNDMXX/A74_S15_R1_001.fastq.gz,/oak/stanford/groups/bhowitt/DNAnexus/Fastqs/200803_A00646_0057_BHTHTNDMXX/A74_S15_R2_001.fastq.gz,reverse
A75_S23,/oak/stanford/groups/bhowitt/DNAnexus/Fastqs/200803_A00646_0057_BHTHTNDMXX/A75_S23_R1_001.fastq.gz,/oak/stanford/groups/bhowitt/DNAnexus/Fastqs/200803_A00646_0057_BHTHTNDMXX/A75_S23_R2_001.fastq.gz,reverse
A76_S31,/oak/stanford/groups/bhowitt/DNAnexus/Fastqs/200803_A00646_0057_BHTHTNDMXX/A76_S31_R1_001.fastq.gz,/oak/stanford/groups/bhowitt/DNAnexus/Fastqs/200803_A00646_0057_BHTHTNDMXX/A76_S31_R2_001.fastq.gz,reverse
A77_S39,/oak/stanford/groups/bhowitt/DNAnexus/Fastqs/200803_A00646_0057_BHTHTNDMXX/A77_S39_R1_001.fastq.gz,/oak/stanford/groups/bhowitt/DNAnexus/Fastqs/200803_A00646_0057_BHTHTNDMXX/A77_S39_R2_001.fastq.gz,reverse
A78_S47,/oak/stanford/groups/bhowitt/DNAnexus/Fastqs/200803_A00646_0057_BHTHTNDMXX/A78_S47_R1_001.fastq.gz,/oak/stanford/groups/bhowitt/DNAnexus/Fastqs/200803_A00646_0057_BHTHTNDMXX/A78_S47_R2_001.fastq.gz,reverse
A79_S55,/oak/stanford/groups/bhowitt/DNAnexus/Fastqs/200803_A00646_0057_BHTHTNDMXX/A79_S55_R1_001.fastq.gz,/oak/stanford/groups/bhowitt/DNAnexus/Fastqs/200803_A00646_0057_BHTHTNDMXX/A79_S55_R2_001.fastq.gz,reverse
A7_S49,/oak/stanford/groups/bhowitt/DNAnexus/Fastqs/200803_A00646_0057_BHTHTNDMXX/A7_S49_R1_001.fastq.gz,/oak/stanford/groups/bhowitt/DNAnexus/Fastqs/200803_A00646_0057_BHTHTNDMXX/A7_S49_R2_001.fastq.gz,reverse
A80_S63,/oak/stanford/groups/bhowitt/DNAnexus/Fastqs/200803_A00646_0057_BHTHTNDMXX/A80_S63_R1_001.fastq.gz,/oak/stanford/groups/bhowitt/DNAnexus/Fastqs/200803_A00646_0057_BHTHTNDMXX/A80_S63_R2_001.fastq.gz,reverse
A81_S71,/oak/stanford/groups/bhowitt/DNAnexus/Fastqs/200803_A00646_0057_BHTHTNDMXX/A81_S71_R1_001.fastq.gz,/oak/stanford/groups/bhowitt/DNAnexus/Fastqs/200803_A00646_0057_BHTHTNDMXX/A81_S71_R2_001.fastq.gz,reverse
A82_S79,/oak/stanford/groups/bhowitt/DNAnexus/Fastqs/200803_A00646_0057_BHTHTNDMXX/A82_S79_R1_001.fastq.gz,/oak/stanford/groups/bhowitt/DNAnexus/Fastqs/200803_A00646_0057_BHTHTNDMXX/A82_S79_R2_001.fastq.gz,reverse
A83_S87,/oak/stanford/groups/bhowitt/DNAnexus/Fastqs/200803_A00646_0057_BHTHTNDMXX/A83_S87_R1_001.fastq.gz,/oak/stanford/groups/bhowitt/DNAnexus/Fastqs/200803_A00646_0057_BHTHTNDMXX/A83_S87_R2_001.fastq.gz,reverse
A84_S95,/oak/stanford/groups/bhowitt/DNAnexus/Fastqs/200803_A00646_0057_BHTHTNDMXX/A84_S95_R1_001.fastq.gz,/oak/stanford/groups/bhowitt/DNAnexus/Fastqs/200803_A00646_0057_BHTHTNDMXX/A84_S95_R2_001.fastq.gz,reverse
A85_S8,/oak/stanford/groups/bhowitt/DNAnexus/Fastqs/200803_A00646_0057_BHTHTNDMXX/A85_S8_R1_001.fastq.gz,/oak/stanford/groups/bhowitt/DNAnexus/Fastqs/200803_A00646_0057_BHTHTNDMXX/A85_S8_R2_001.fastq.gz,reverse
A86_S16,/oak/stanford/groups/bhowitt/DNAnexus/Fastqs/200803_A00646_0057_BHTHTNDMXX/A86_S16_R1_001.fastq.gz,/oak/stanford/groups/bhowitt/DNAnexus/Fastqs/200803_A00646_0057_BHTHTNDMXX/A86_S16_R2_001.fastq.gz,reverse
A87_S24,/oak/stanford/groups/bhowitt/DNAnexus/Fastqs/200803_A00646_0057_BHTHTNDMXX/A87_S24_R1_001.fastq.gz,/oak/stanford/groups/bhowitt/DNAnexus/Fastqs/200803_A00646_0057_BHTHTNDMXX/A87_S24_R2_001.fastq.gz,reverse
A88_S32,/oak/stanford/groups/bhowitt/DNAnexus/Fastqs/200803_A00646_0057_BHTHTNDMXX/A88_S32_R1_001.fastq.gz,/oak/stanford/groups/bhowitt/DNAnexus/Fastqs/200803_A00646_0057_BHTHTNDMXX/A88_S32_R2_001.fastq.gz,reverse
A89_S40,/oak/stanford/groups/bhowitt/DNAnexus/Fastqs/200803_A00646_0057_BHTHTNDMXX/A89_S40_R1_001.fastq.gz,/oak/stanford/groups/bhowitt/DNAnexus/Fastqs/200803_A00646_0057_BHTHTNDMXX/A89_S40_R2_001.fastq.gz,reverse
A8_S57,/oak/stanford/groups/bhowitt/DNAnexus/Fastqs/200803_A00646_0057_BHTHTNDMXX/A8_S57_R1_001.fastq.gz,/oak/stanford/groups/bhowitt/DNAnexus/Fastqs/200803_A00646_0057_BHTHTNDMXX/A8_S57_R2_001.fastq.gz,reverse
A90_S48,/oak/stanford/groups/bhowitt/DNAnexus/Fastqs/200803_A00646_0057_BHTHTNDMXX/A90_S48_R1_001.fastq.gz,/oak/stanford/groups/bhowitt/DNAnexus/Fastqs/200803_A00646_0057_BHTHTNDMXX/A90_S48_R2_001.fastq.gz,reverse
A91_S56,/oak/stanford/groups/bhowitt/DNAnexus/Fastqs/200803_A00646_0057_BHTHTNDMXX/A91_S56_R1_001.fastq.gz,/oak/stanford/groups/bhowitt/DNAnexus/Fastqs/200803_A00646_0057_BHTHTNDMXX/A91_S56_R2_001.fastq.gz,reverse
A92_S64,/oak/stanford/groups/bhowitt/DNAnexus/Fastqs/200803_A00646_0057_BHTHTNDMXX/A92_S64_R1_001.fastq.gz,/oak/stanford/groups/bhowitt/DNAnexus/Fastqs/200803_A00646_0057_BHTHTNDMXX/A92_S64_R2_001.fastq.gz,reverse
A93_S72,/oak/stanford/groups/bhowitt/DNAnexus/Fastqs/200803_A00646_0057_BHTHTNDMXX/A93_S72_R1_001.fastq.gz,/oak/stanford/groups/bhowitt/DNAnexus/Fastqs/200803_A00646_0057_BHTHTNDMXX/A93_S72_R2_001.fastq.gz,reverse
A94_S80,/oak/stanford/groups/bhowitt/DNAnexus/Fastqs/200803_A00646_0057_BHTHTNDMXX/A94_S80_R1_001.fastq.gz,/oak/stanford/groups/bhowitt/DNAnexus/Fastqs/200803_A00646_0057_BHTHTNDMXX/A94_S80_R2_001.fastq.gz,reverse
A95_S88,/oak/stanford/groups/bhowitt/DNAnexus/Fastqs/200803_A00646_0057_BHTHTNDMXX/A95_S88_R1_001.fastq.gz,/oak/stanford/groups/bhowitt/DNAnexus/Fastqs/200803_A00646_0057_BHTHTNDMXX/A95_S88_R2_001.fastq.gz,reverse
A96_S96,/oak/stanford/groups/bhowitt/DNAnexus/Fastqs/200803_A00646_0057_BHTHTNDMXX/A96_S96_R1_001.fastq.gz,/oak/stanford/groups/bhowitt/DNAnexus/Fastqs/200803_A00646_0057_BHTHTNDMXX/A96_S96_R2_001.fastq.gz,reverse
A9_S65,/oak/stanford/groups/bhowitt/DNAnexus/Fastqs/200803_A00646_0057_BHTHTNDMXX/A9_S65_R1_001.fastq.gz,/oak/stanford/groups/bhowitt/DNAnexus/Fastqs/200803_A00646_0057_BHTHTNDMXX/A9_S65_R2_001.fastq.gz,reverse
